"filename", "language", "JavaScript", "JSON", "Ignore", "YAML", "Docker", "TypeScript", "JSON with Comments", "comment", "blank", "total"
"/Users/tianbo/Desktop/newInterview/interview/ticketing/.github/workflows/deploy-auth.yaml", "YAML", 0, 0, 0, 23, 0, 0, 0, 1, 2, 26
"/Users/tianbo/Desktop/newInterview/interview/ticketing/.github/workflows/deploy-client.yaml", "YAML", 0, 0, 0, 23, 0, 0, 0, 1, 2, 26
"/Users/tianbo/Desktop/newInterview/interview/ticketing/.github/workflows/deploy-expiration.yaml", "YAML", 0, 0, 0, 23, 0, 0, 0, 1, 2, 26
"/Users/tianbo/Desktop/newInterview/interview/ticketing/.github/workflows/deploy-manifests.yaml", "YAML", 0, 0, 0, 17, 0, 0, 0, 1, 2, 20
"/Users/tianbo/Desktop/newInterview/interview/ticketing/.github/workflows/deploy-orders.yaml", "YAML", 0, 0, 0, 23, 0, 0, 0, 1, 2, 26
"/Users/tianbo/Desktop/newInterview/interview/ticketing/.github/workflows/deploy-payments.yaml", "YAML", 0, 0, 0, 23, 0, 0, 0, 1, 2, 26
"/Users/tianbo/Desktop/newInterview/interview/ticketing/.github/workflows/deploy-tickets.yaml", "YAML", 0, 0, 0, 23, 0, 0, 0, 1, 2, 26
"/Users/tianbo/Desktop/newInterview/interview/ticketing/.github/workflows/tests-auth.yml", "YAML", 0, 0, 0, 11, 0, 0, 0, 0, 2, 13
"/Users/tianbo/Desktop/newInterview/interview/ticketing/.github/workflows/tests-orders.yaml", "YAML", 0, 0, 0, 11, 0, 0, 0, 0, 2, 13
"/Users/tianbo/Desktop/newInterview/interview/ticketing/.github/workflows/tests-payments.yaml", "YAML", 0, 0, 0, 11, 0, 0, 0, 0, 2, 13
"/Users/tianbo/Desktop/newInterview/interview/ticketing/.github/workflows/tests-tickets.yaml", "YAML", 0, 0, 0, 11, 0, 0, 0, 0, 2, 13
"/Users/tianbo/Desktop/newInterview/interview/ticketing/auth/.dockerignore", "Ignore", 0, 0, 1, 0, 0, 0, 0, 0, 1, 2
"/Users/tianbo/Desktop/newInterview/interview/ticketing/auth/Dockerfile", "Docker", 0, 0, 0, 0, 6, 0, 0, 0, 3, 9
"/Users/tianbo/Desktop/newInterview/interview/ticketing/auth/package-lock.json", "JSON", 0, 12077, 0, 0, 0, 0, 0, 0, 1, 12078
"/Users/tianbo/Desktop/newInterview/interview/ticketing/auth/package.json", "JSON", 0, 45, 0, 0, 0, 0, 0, 0, 1, 46
"/Users/tianbo/Desktop/newInterview/interview/ticketing/auth/src/app.ts", "TypeScript", 0, 0, 0, 0, 0, 27, 0, 7, 9, 43
"/Users/tianbo/Desktop/newInterview/interview/ticketing/auth/src/index.ts", "TypeScript", 0, 0, 0, 0, 0, 21, 0, 0, 10, 31
"/Users/tianbo/Desktop/newInterview/interview/ticketing/auth/src/models/user.ts", "TypeScript", 0, 0, 0, 0, 0, 45, 0, 12, 15, 72
"/Users/tianbo/Desktop/newInterview/interview/ticketing/auth/src/routes/__test__/current-user.test.ts", "TypeScript", 0, 0, 0, 0, 0, 19, 0, 3, 8, 30
"/Users/tianbo/Desktop/newInterview/interview/ticketing/auth/src/routes/__test__/signin.test.ts", "TypeScript", 0, 0, 0, 0, 0, 44, 0, 0, 5, 49
"/Users/tianbo/Desktop/newInterview/interview/ticketing/auth/src/routes/__test__/signout.test.ts", "TypeScript", 0, 0, 0, 0, 0, 19, 0, 0, 2, 21
"/Users/tianbo/Desktop/newInterview/interview/ticketing/auth/src/routes/__test__/signup.test.ts", "TypeScript", 0, 0, 0, 0, 0, 73, 0, 3, 12, 88
"/Users/tianbo/Desktop/newInterview/interview/ticketing/auth/src/routes/current-user.ts", "TypeScript", 0, 0, 0, 0, 0, 7, 0, 18, 7, 32
"/Users/tianbo/Desktop/newInterview/interview/ticketing/auth/src/routes/signin.ts", "TypeScript", 0, 0, 0, 0, 0, 46, 0, 2, 9, 57
"/Users/tianbo/Desktop/newInterview/interview/ticketing/auth/src/routes/signout.ts", "TypeScript", 0, 0, 0, 0, 0, 7, 0, 0, 3, 10
"/Users/tianbo/Desktop/newInterview/interview/ticketing/auth/src/routes/signup.ts", "TypeScript", 0, 0, 0, 0, 0, 36, 0, 5, 11, 52
"/Users/tianbo/Desktop/newInterview/interview/ticketing/auth/src/services/password.ts", "TypeScript", 0, 0, 0, 0, 0, 15, 0, 1, 6, 22
"/Users/tianbo/Desktop/newInterview/interview/ticketing/auth/src/test/setup.ts", "TypeScript", 0, 0, 0, 0, 0, 36, 0, 21, 24, 81
"/Users/tianbo/Desktop/newInterview/interview/ticketing/auth/tsconfig.json", "JSON with Comments", 0, 0, 0, 0, 0, 0, 10, 85, 9, 104
"/Users/tianbo/Desktop/newInterview/interview/ticketing/client/.dockerignore", "Ignore", 0, 0, 2, 0, 0, 0, 0, 0, 0, 2
"/Users/tianbo/Desktop/newInterview/interview/ticketing/client/.next/build-manifest.json", "JSON", 0, 40, 0, 0, 0, 0, 0, 0, 0, 40
"/Users/tianbo/Desktop/newInterview/interview/ticketing/client/.next/package.json", "JSON", 0, 1, 0, 0, 0, 0, 0, 0, 0, 1
"/Users/tianbo/Desktop/newInterview/interview/ticketing/client/.next/react-loadable-manifest.json", "JSON", 0, 1, 0, 0, 0, 0, 0, 0, 0, 1
"/Users/tianbo/Desktop/newInterview/interview/ticketing/client/.next/server/middleware-build-manifest.js", "JavaScript", 1, 0, 0, 0, 0, 0, 0, 0, 0, 1
"/Users/tianbo/Desktop/newInterview/interview/ticketing/client/.next/server/middleware-manifest.json", "JSON", 0, 6, 0, 0, 0, 0, 0, 0, 0, 6
"/Users/tianbo/Desktop/newInterview/interview/ticketing/client/.next/server/middleware-react-loadable-manifest.js", "JavaScript", 1, 0, 0, 0, 0, 0, 0, 0, 0, 1
"/Users/tianbo/Desktop/newInterview/interview/ticketing/client/.next/server/next-font-manifest.js", "JavaScript", 6, 0, 0, 0, 0, 0, 0, 0, 0, 6
"/Users/tianbo/Desktop/newInterview/interview/ticketing/client/.next/server/next-font-manifest.json", "JSON", 0, 6, 0, 0, 0, 0, 0, 0, 0, 6
"/Users/tianbo/Desktop/newInterview/interview/ticketing/client/.next/server/pages-manifest.json", "JSON", 0, 7, 0, 0, 0, 0, 0, 0, 0, 7
"/Users/tianbo/Desktop/newInterview/interview/ticketing/client/.next/server/pages/_app.js", "JavaScript", 30, 0, 0, 0, 0, 0, 0, 21, 15, 66
"/Users/tianbo/Desktop/newInterview/interview/ticketing/client/.next/server/pages/_document.js", "JavaScript", 54, 0, 0, 0, 0, 0, 0, 39, 33, 126
"/Users/tianbo/Desktop/newInterview/interview/ticketing/client/.next/server/pages/_error.js", "JavaScript", 54, 0, 0, 0, 0, 0, 0, 39, 33, 126
"/Users/tianbo/Desktop/newInterview/interview/ticketing/client/.next/server/pages/banana.js", "JavaScript", 30, 0, 0, 0, 0, 0, 0, 21, 15, 66
"/Users/tianbo/Desktop/newInterview/interview/ticketing/client/.next/server/pages/index.js", "JavaScript", 30, 0, 0, 0, 0, 0, 0, 21, 15, 66
"/Users/tianbo/Desktop/newInterview/interview/ticketing/client/.next/server/webpack-runtime.js", "JavaScript", 134, 0, 0, 0, 0, 0, 0, 34, 0, 168
"/Users/tianbo/Desktop/newInterview/interview/ticketing/client/.next/static/chunks/amp.js", "JavaScript", 336, 0, 0, 0, 0, 0, 0, 207, 199, 742
"/Users/tianbo/Desktop/newInterview/interview/ticketing/client/.next/static/chunks/main.js", "JavaScript", 494, 0, 0, 0, 0, 0, 0, 306, 298, 1098
"/Users/tianbo/Desktop/newInterview/interview/ticketing/client/.next/static/chunks/pages/_app.js", "JavaScript", 13, 0, 0, 0, 0, 0, 0, 11, 4, 28
"/Users/tianbo/Desktop/newInterview/interview/ticketing/client/.next/static/chunks/pages/_error.js", "JavaScript", 13, 0, 0, 0, 0, 0, 0, 11, 4, 28
"/Users/tianbo/Desktop/newInterview/interview/ticketing/client/.next/static/chunks/pages/banana.js", "JavaScript", 28, 0, 0, 0, 0, 0, 0, 20, 13, 61
"/Users/tianbo/Desktop/newInterview/interview/ticketing/client/.next/static/chunks/pages/index.js", "JavaScript", 28, 0, 0, 0, 0, 0, 0, 20, 13, 61
"/Users/tianbo/Desktop/newInterview/interview/ticketing/client/.next/static/chunks/polyfills.js", "JavaScript", 1, 0, 0, 0, 0, 0, 0, 0, 1, 2
"/Users/tianbo/Desktop/newInterview/interview/ticketing/client/.next/static/chunks/react-refresh.js", "JavaScript", 28, 0, 0, 0, 0, 0, 0, 21, 13, 62
"/Users/tianbo/Desktop/newInterview/interview/ticketing/client/.next/static/chunks/webpack.js", "JavaScript", 1120, 0, 0, 0, 0, 0, 0, 112, 0, 1232
"/Users/tianbo/Desktop/newInterview/interview/ticketing/client/.next/static/development/_buildManifest.js", "JavaScript", 1, 0, 0, 0, 0, 0, 0, 0, 0, 1
"/Users/tianbo/Desktop/newInterview/interview/ticketing/client/.next/static/development/_ssgManifest.js", "JavaScript", 1, 0, 0, 0, 0, 0, 0, 0, 0, 1
"/Users/tianbo/Desktop/newInterview/interview/ticketing/client/.next/static/webpack/9b07e6189d994328.webpack.hot-update.json", "JSON", 0, 1, 0, 0, 0, 0, 0, 0, 0, 1
"/Users/tianbo/Desktop/newInterview/interview/ticketing/client/.next/static/webpack/c5c07a46d1d0833c.webpack.hot-update.json", "JSON", 0, 1, 0, 0, 0, 0, 0, 0, 0, 1
"/Users/tianbo/Desktop/newInterview/interview/ticketing/client/.next/static/webpack/webpack.9b07e6189d994328.hot-update.js", "JavaScript", 9, 0, 0, 0, 0, 0, 0, 9, 0, 18
"/Users/tianbo/Desktop/newInterview/interview/ticketing/client/.next/static/webpack/webpack.c5c07a46d1d0833c.hot-update.js", "JavaScript", 30, 0, 0, 0, 0, 0, 0, 13, 0, 43
"/Users/tianbo/Desktop/newInterview/interview/ticketing/client/Dockerfile", "Docker", 0, 0, 0, 0, 6, 0, 0, 0, 2, 8
"/Users/tianbo/Desktop/newInterview/interview/ticketing/client/api/build-client.js", "JavaScript", 13, 0, 0, 0, 0, 0, 0, 2, 2, 17
"/Users/tianbo/Desktop/newInterview/interview/ticketing/client/component/header.js", "JavaScript", 31, 0, 0, 0, 0, 0, 0, 0, 4, 35
"/Users/tianbo/Desktop/newInterview/interview/ticketing/client/hooks/use-request.js", "JavaScript", 27, 0, 0, 0, 0, 0, 0, 1, 4, 32
"/Users/tianbo/Desktop/newInterview/interview/ticketing/client/next.config.js", "JavaScript", 6, 0, 0, 0, 0, 0, 0, 9, 1, 16
"/Users/tianbo/Desktop/newInterview/interview/ticketing/client/package-lock.json", "JSON", 0, 547, 0, 0, 0, 0, 0, 0, 1, 548
"/Users/tianbo/Desktop/newInterview/interview/ticketing/client/package.json", "JSON", 0, 21, 0, 0, 0, 0, 0, 0, 1, 22
"/Users/tianbo/Desktop/newInterview/interview/ticketing/client/pages/_app.js", "JavaScript", 30, 0, 0, 0, 0, 0, 0, 8, 8, 46
"/Users/tianbo/Desktop/newInterview/interview/ticketing/client/pages/auth/signin.js", "JavaScript", 45, 0, 0, 0, 0, 0, 0, 4, 6, 55
"/Users/tianbo/Desktop/newInterview/interview/ticketing/client/pages/auth/signout.js", "JavaScript", 15, 0, 0, 0, 0, 0, 0, 0, 4, 19
"/Users/tianbo/Desktop/newInterview/interview/ticketing/client/pages/auth/signup.js", "JavaScript", 45, 0, 0, 0, 0, 0, 0, 4, 6, 55
"/Users/tianbo/Desktop/newInterview/interview/ticketing/client/pages/index.js", "JavaScript", 38, 0, 0, 0, 0, 0, 0, 47, 17, 102
"/Users/tianbo/Desktop/newInterview/interview/ticketing/client/pages/orders/[orderId].js", "JavaScript", 50, 0, 0, 0, 0, 0, 0, 0, 10, 60
"/Users/tianbo/Desktop/newInterview/interview/ticketing/client/pages/orders/index.js", "JavaScript", 18, 0, 0, 0, 0, 0, 0, 0, 2, 20
"/Users/tianbo/Desktop/newInterview/interview/ticketing/client/pages/tickets/[ticketId].js", "JavaScript", 31, 0, 0, 0, 0, 0, 0, 0, 6, 37
"/Users/tianbo/Desktop/newInterview/interview/ticketing/client/pages/tickets/new.js", "JavaScript", 54, 0, 0, 0, 0, 0, 0, 0, 8, 62
"/Users/tianbo/Desktop/newInterview/interview/ticketing/common/package-lock.json", "JSON", 0, 2131, 0, 0, 0, 0, 0, 0, 1, 2132
"/Users/tianbo/Desktop/newInterview/interview/ticketing/common/package.json", "JSON", 0, 11, 0, 0, 0, 0, 0, 22, 0, 33
"/Users/tianbo/Desktop/newInterview/interview/ticketing/common/src/errors/bad-request-error.ts", "TypeScript", 0, 0, 0, 0, 0, 11, 0, 0, 4, 15
"/Users/tianbo/Desktop/newInterview/interview/ticketing/common/src/errors/custom-errors.ts", "TypeScript", 0, 0, 0, 0, 0, 8, 0, 0, 5, 13
"/Users/tianbo/Desktop/newInterview/interview/ticketing/common/src/errors/database-connection-error.ts", "TypeScript", 0, 0, 0, 0, 0, 12, 0, 0, 5, 17
"/Users/tianbo/Desktop/newInterview/interview/ticketing/common/src/errors/not-authorized-error.ts", "TypeScript", 0, 0, 0, 0, 0, 11, 0, 0, 3, 14
"/Users/tianbo/Desktop/newInterview/interview/ticketing/common/src/errors/not-found-error.ts", "TypeScript", 0, 0, 0, 0, 0, 11, 0, 0, 6, 17
"/Users/tianbo/Desktop/newInterview/interview/ticketing/common/src/errors/request-validation-error.ts", "TypeScript", 0, 0, 0, 0, 0, 14, 0, 1, 5, 20
"/Users/tianbo/Desktop/newInterview/interview/ticketing/common/src/events/base-listener.ts", "TypeScript", 0, 0, 0, 0, 0, 44, 0, 1, 8, 53
"/Users/tianbo/Desktop/newInterview/interview/ticketing/common/src/events/base-publisher.ts", "TypeScript", 0, 0, 0, 0, 0, 24, 0, 1, 4, 29
"/Users/tianbo/Desktop/newInterview/interview/ticketing/common/src/events/expiration-complete-event.ts", "TypeScript", 0, 0, 0, 0, 0, 7, 0, 0, 1, 8
"/Users/tianbo/Desktop/newInterview/interview/ticketing/common/src/events/order-cancelled-event.ts", "TypeScript", 0, 0, 0, 0, 0, 11, 0, 0, 1, 12
"/Users/tianbo/Desktop/newInterview/interview/ticketing/common/src/events/order-created-event.ts", "TypeScript", 0, 0, 0, 0, 0, 16, 0, 0, 1, 17
"/Users/tianbo/Desktop/newInterview/interview/ticketing/common/src/events/payment-created-event.ts", "TypeScript", 0, 0, 0, 0, 0, 9, 0, 0, 1, 10
"/Users/tianbo/Desktop/newInterview/interview/ticketing/common/src/events/subjects.ts", "TypeScript", 0, 0, 0, 0, 0, 8, 0, 0, 5, 13
"/Users/tianbo/Desktop/newInterview/interview/ticketing/common/src/events/ticket-created-event.ts", "TypeScript", 0, 0, 0, 0, 0, 11, 0, 0, 1, 12
"/Users/tianbo/Desktop/newInterview/interview/ticketing/common/src/events/ticket-updated-event.ts", "TypeScript", 0, 0, 0, 0, 0, 12, 0, 0, 1, 13
"/Users/tianbo/Desktop/newInterview/interview/ticketing/common/src/events/types/order-status.ts", "TypeScript", 0, 0, 0, 0, 0, 6, 0, 8, 3, 17
"/Users/tianbo/Desktop/newInterview/interview/ticketing/common/src/index.ts", "TypeScript", 0, 0, 0, 0, 0, 20, 0, 0, 6, 26
"/Users/tianbo/Desktop/newInterview/interview/ticketing/common/src/middlewares/current-user.ts", "TypeScript", 0, 0, 0, 0, 0, 27, 0, 3, 5, 35
"/Users/tianbo/Desktop/newInterview/interview/ticketing/common/src/middlewares/error-handler.ts", "TypeScript", 0, 0, 0, 0, 0, 16, 0, 0, 1, 17
"/Users/tianbo/Desktop/newInterview/interview/ticketing/common/src/middlewares/require-auth.ts", "TypeScript", 0, 0, 0, 0, 0, 8, 0, 0, 2, 10
"/Users/tianbo/Desktop/newInterview/interview/ticketing/common/src/middlewares/validate-request.ts", "TypeScript", 0, 0, 0, 0, 0, 14, 0, 0, 4, 18
"/Users/tianbo/Desktop/newInterview/interview/ticketing/common/tsconfig.json", "JSON with Comments", 0, 0, 0, 0, 0, 0, 12, 89, 9, 110
"/Users/tianbo/Desktop/newInterview/interview/ticketing/expiration/.dockerignore", "Ignore", 0, 0, 1, 0, 0, 0, 0, 0, 1, 2
"/Users/tianbo/Desktop/newInterview/interview/ticketing/expiration/Dockerfile", "Docker", 0, 0, 0, 0, 6, 0, 0, 0, 3, 9
"/Users/tianbo/Desktop/newInterview/interview/ticketing/expiration/package-lock.json", "JSON", 0, 5123, 0, 0, 0, 0, 0, 0, 1, 5124
"/Users/tianbo/Desktop/newInterview/interview/ticketing/expiration/package.json", "JSON", 0, 33, 0, 0, 0, 0, 0, 0, 1, 34
"/Users/tianbo/Desktop/newInterview/interview/ticketing/expiration/src/__mocks__/nats-wrapper.ts", "TypeScript", 0, 0, 0, 0, 0, 11, 0, 0, 0, 11
"/Users/tianbo/Desktop/newInterview/interview/ticketing/expiration/src/events/listeners/order-created-listener.ts", "TypeScript", 0, 0, 0, 0, 0, 20, 0, 0, 5, 25
"/Users/tianbo/Desktop/newInterview/interview/ticketing/expiration/src/events/listeners/queue-group-name.ts", "TypeScript", 0, 0, 0, 0, 0, 1, 0, 0, 0, 1
"/Users/tianbo/Desktop/newInterview/interview/ticketing/expiration/src/events/publishers/expiration-complete-publisher.ts", "TypeScript", 0, 0, 0, 0, 0, 4, 0, 0, 1, 5
"/Users/tianbo/Desktop/newInterview/interview/ticketing/expiration/src/index.ts", "TypeScript", 0, 0, 0, 0, 0, 31, 0, 0, 11, 42
"/Users/tianbo/Desktop/newInterview/interview/ticketing/expiration/src/nats-wrapper.ts", "TypeScript", 0, 0, 0, 0, 0, 23, 0, 0, 8, 31
"/Users/tianbo/Desktop/newInterview/interview/ticketing/expiration/src/queues/expiration-queue.ts", "TypeScript", 0, 0, 0, 0, 0, 17, 0, 0, 5, 22
"/Users/tianbo/Desktop/newInterview/interview/ticketing/expiration/tsconfig.json", "JSON with Comments", 0, 0, 0, 0, 0, 0, 10, 53, 8, 71
"/Users/tianbo/Desktop/newInterview/interview/ticketing/infra/k8s-dev/ingress-srv.yaml", "YAML", 0, 0, 0, 47, 0, 0, 0, 2, 4, 53
"/Users/tianbo/Desktop/newInterview/interview/ticketing/infra/k8s-prod/ingress-srv.yaml", "YAML", 0, 0, 0, 79, 0, 0, 0, 3, 5, 87
"/Users/tianbo/Desktop/newInterview/interview/ticketing/infra/k8s/auth-depl.yaml", "YAML", 0, 0, 0, 38, 0, 0, 0, 0, 2, 40
"/Users/tianbo/Desktop/newInterview/interview/ticketing/infra/k8s/auth-mongo-depl.yaml", "YAML", 0, 0, 0, 30, 0, 0, 0, 0, 1, 31
"/Users/tianbo/Desktop/newInterview/interview/ticketing/infra/k8s/client.depl.yaml", "YAML", 0, 0, 0, 30, 0, 0, 0, 4, 2, 36
"/Users/tianbo/Desktop/newInterview/interview/ticketing/infra/k8s/expiration-depl.yaml", "YAML", 0, 0, 0, 28, 0, 0, 0, 0, 1, 29
"/Users/tianbo/Desktop/newInterview/interview/ticketing/infra/k8s/expiration-redis-depl.yaml", "YAML", 0, 0, 0, 30, 0, 0, 0, 0, 1, 31
"/Users/tianbo/Desktop/newInterview/interview/ticketing/infra/k8s/nats-depl.yaml", "YAML", 0, 0, 0, 50, 0, 0, 0, 5, 1, 56
"/Users/tianbo/Desktop/newInterview/interview/ticketing/infra/k8s/orders-depl.yaml", "YAML", 0, 0, 0, 46, 0, 0, 0, 0, 4, 50
"/Users/tianbo/Desktop/newInterview/interview/ticketing/infra/k8s/orders-mongo-depl.yaml", "YAML", 0, 0, 0, 30, 0, 0, 0, 0, 1, 31
"/Users/tianbo/Desktop/newInterview/interview/ticketing/infra/k8s/payments-depl.yaml", "YAML", 0, 0, 0, 51, 0, 0, 0, 0, 2, 53
"/Users/tianbo/Desktop/newInterview/interview/ticketing/infra/k8s/payments-mongo-depl.yaml", "YAML", 0, 0, 0, 30, 0, 0, 0, 0, 1, 31
"/Users/tianbo/Desktop/newInterview/interview/ticketing/infra/k8s/tickets-depl.yaml", "YAML", 0, 0, 0, 46, 0, 0, 0, 0, 2, 48
"/Users/tianbo/Desktop/newInterview/interview/ticketing/infra/k8s/tickets-mongo-depl.yaml", "YAML", 0, 0, 0, 30, 0, 0, 0, 0, 1, 31
"/Users/tianbo/Desktop/newInterview/interview/ticketing/nats-test/package-lock.json", "JSON", 0, 712, 0, 0, 0, 0, 0, 0, 1, 713
"/Users/tianbo/Desktop/newInterview/interview/ticketing/nats-test/package.json", "JSON", 0, 19, 0, 0, 0, 0, 0, 0, 1, 20
"/Users/tianbo/Desktop/newInterview/interview/ticketing/nats-test/src/events/base-listener.ts", "TypeScript", 0, 0, 0, 0, 0, 44, 0, 1, 8, 53
"/Users/tianbo/Desktop/newInterview/interview/ticketing/nats-test/src/events/base-publisher.ts", "TypeScript", 0, 0, 0, 0, 0, 24, 0, 1, 4, 29
"/Users/tianbo/Desktop/newInterview/interview/ticketing/nats-test/src/events/subjects.ts", "TypeScript", 0, 0, 0, 0, 0, 4, 0, 0, 2, 6
"/Users/tianbo/Desktop/newInterview/interview/ticketing/nats-test/src/events/ticket-created-event.ts", "TypeScript", 0, 0, 0, 0, 0, 9, 0, 0, 1, 10
"/Users/tianbo/Desktop/newInterview/interview/ticketing/nats-test/src/events/ticket-created-listener.ts", "TypeScript", 0, 0, 0, 0, 0, 12, 0, 1, 3, 16
"/Users/tianbo/Desktop/newInterview/interview/ticketing/nats-test/src/events/ticket-created-publisher.ts", "TypeScript", 0, 0, 0, 0, 0, 6, 0, 0, 1, 7
"/Users/tianbo/Desktop/newInterview/interview/ticketing/nats-test/src/listener.ts", "TypeScript", 0, 0, 0, 0, 0, 17, 0, 31, 20, 68
"/Users/tianbo/Desktop/newInterview/interview/ticketing/nats-test/src/publisher.ts", "TypeScript", 0, 0, 0, 0, 0, 19, 0, 9, 8, 36
"/Users/tianbo/Desktop/newInterview/interview/ticketing/nats-test/tsconfig.json", "JSON with Comments", 0, 0, 0, 0, 0, 0, 10, 91, 9, 110
"/Users/tianbo/Desktop/newInterview/interview/ticketing/orders/.dockerignore", "Ignore", 0, 0, 1, 0, 0, 0, 0, 0, 1, 2
"/Users/tianbo/Desktop/newInterview/interview/ticketing/orders/Dockerfile", "Docker", 0, 0, 0, 0, 6, 0, 0, 0, 3, 9
"/Users/tianbo/Desktop/newInterview/interview/ticketing/orders/package-lock.json", "JSON", 0, 12235, 0, 0, 0, 0, 0, 0, 1, 12236
"/Users/tianbo/Desktop/newInterview/interview/ticketing/orders/package.json", "JSON", 0, 47, 0, 0, 0, 0, 0, 0, 1, 48
"/Users/tianbo/Desktop/newInterview/interview/ticketing/orders/src/__mocks__/nats-wrapper.ts", "TypeScript", 0, 0, 0, 0, 0, 11, 0, 0, 0, 11
"/Users/tianbo/Desktop/newInterview/interview/ticketing/orders/src/app.ts", "TypeScript", 0, 0, 0, 0, 0, 28, 0, 7, 10, 45
"/Users/tianbo/Desktop/newInterview/interview/ticketing/orders/src/events/listener/__test__/expiration-complete-listener.test.ts", "TypeScript", 0, 0, 0, 0, 0, 48, 0, 1, 18, 67
"/Users/tianbo/Desktop/newInterview/interview/ticketing/orders/src/events/listener/__test__/ticket-created-listener.test.ts", "TypeScript", 0, 0, 0, 0, 0, 33, 0, 10, 11, 54
"/Users/tianbo/Desktop/newInterview/interview/ticketing/orders/src/events/listener/__test__/ticket-updated-listener.test.ts", "TypeScript", 0, 0, 0, 0, 0, 48, 0, 6, 15, 69
"/Users/tianbo/Desktop/newInterview/interview/ticketing/orders/src/events/listener/expiration-complete-listener.ts", "TypeScript", 0, 0, 0, 0, 0, 30, 0, 0, 6, 36
"/Users/tianbo/Desktop/newInterview/interview/ticketing/orders/src/events/listener/payment-created-listener.ts", "TypeScript", 0, 0, 0, 0, 0, 19, 0, 0, 9, 28
"/Users/tianbo/Desktop/newInterview/interview/ticketing/orders/src/events/listener/queue-group-name.ts", "TypeScript", 0, 0, 0, 0, 0, 1, 0, 0, 0, 1
"/Users/tianbo/Desktop/newInterview/interview/ticketing/orders/src/events/listener/ticket-created-listener.ts", "TypeScript", 0, 0, 0, 0, 0, 18, 0, 3, 3, 24
"/Users/tianbo/Desktop/newInterview/interview/ticketing/orders/src/events/listener/ticket-updated-listener.ts", "TypeScript", 0, 0, 0, 0, 0, 18, 0, 1, 6, 25
"/Users/tianbo/Desktop/newInterview/interview/ticketing/orders/src/events/publishers/order-cancelled-publisher.ts", "TypeScript", 0, 0, 0, 0, 0, 4, 0, 0, 2, 6
"/Users/tianbo/Desktop/newInterview/interview/ticketing/orders/src/events/publishers/order-created-pubilisher.ts", "TypeScript", 0, 0, 0, 0, 0, 4, 0, 0, 1, 5
"/Users/tianbo/Desktop/newInterview/interview/ticketing/orders/src/index.ts", "TypeScript", 0, 0, 0, 0, 0, 50, 0, 0, 15, 65
"/Users/tianbo/Desktop/newInterview/interview/ticketing/orders/src/models/order.ts", "TypeScript", 0, 0, 0, 0, 0, 54, 0, 2, 9, 65
"/Users/tianbo/Desktop/newInterview/interview/ticketing/orders/src/models/ticket.ts", "TypeScript", 0, 0, 0, 0, 0, 66, 0, 4, 8, 78
"/Users/tianbo/Desktop/newInterview/interview/ticketing/orders/src/nats-wrapper.ts", "TypeScript", 0, 0, 0, 0, 0, 23, 0, 0, 8, 31
"/Users/tianbo/Desktop/newInterview/interview/ticketing/orders/src/routes/__test__/delete.test.ts", "TypeScript", 0, 0, 0, 0, 0, 47, 0, 6, 12, 65
"/Users/tianbo/Desktop/newInterview/interview/ticketing/orders/src/routes/__test__/index.test.ts", "TypeScript", 0, 0, 0, 0, 0, 45, 0, 5, 8, 58
"/Users/tianbo/Desktop/newInterview/interview/ticketing/orders/src/routes/__test__/new.test.ts", "TypeScript", 0, 0, 0, 0, 0, 61, 0, 0, 10, 71
"/Users/tianbo/Desktop/newInterview/interview/ticketing/orders/src/routes/__test__/show.test.ts", "TypeScript", 0, 0, 0, 0, 0, 43, 0, 6, 11, 60
"/Users/tianbo/Desktop/newInterview/interview/ticketing/orders/src/routes/delete.ts", "TypeScript", 0, 0, 0, 0, 0, 29, 0, 1, 8, 38
"/Users/tianbo/Desktop/newInterview/interview/ticketing/orders/src/routes/index.ts", "TypeScript", 0, 0, 0, 0, 0, 11, 0, 0, 5, 16
"/Users/tianbo/Desktop/newInterview/interview/ticketing/orders/src/routes/new.ts", "TypeScript", 0, 0, 0, 0, 0, 54, 0, 8, 11, 73
"/Users/tianbo/Desktop/newInterview/interview/ticketing/orders/src/routes/show.ts", "TypeScript", 0, 0, 0, 0, 0, 18, 0, 1, 5, 24
"/Users/tianbo/Desktop/newInterview/interview/ticketing/orders/src/test/setup.ts", "TypeScript", 0, 0, 0, 0, 0, 36, 0, 26, 28, 90
"/Users/tianbo/Desktop/newInterview/interview/ticketing/orders/tsconfig.json", "JSON with Comments", 0, 0, 0, 0, 0, 0, 10, 85, 9, 104
"/Users/tianbo/Desktop/newInterview/interview/ticketing/payments/.dockerignore", "Ignore", 0, 0, 1, 0, 0, 0, 0, 0, 1, 2
"/Users/tianbo/Desktop/newInterview/interview/ticketing/payments/Dockerfile", "Docker", 0, 0, 0, 0, 6, 0, 0, 0, 3, 9
"/Users/tianbo/Desktop/newInterview/interview/ticketing/payments/package-lock.json", "JSON", 0, 7014, 0, 0, 0, 0, 0, 0, 1, 7015
"/Users/tianbo/Desktop/newInterview/interview/ticketing/payments/package.json", "JSON", 0, 48, 0, 0, 0, 0, 0, 0, 1, 49
"/Users/tianbo/Desktop/newInterview/interview/ticketing/payments/src/__mocks__/nats-wrapper.ts", "TypeScript", 0, 0, 0, 0, 0, 11, 0, 0, 0, 11
"/Users/tianbo/Desktop/newInterview/interview/ticketing/payments/src/app.ts", "TypeScript", 0, 0, 0, 0, 0, 22, 0, 6, 8, 36
"/Users/tianbo/Desktop/newInterview/interview/ticketing/payments/src/events/listeners/__test__/order-cancelled-lisntener.test.ts", "TypeScript", 0, 0, 0, 0, 0, 38, 0, 1, 12, 51
"/Users/tianbo/Desktop/newInterview/interview/ticketing/payments/src/events/listeners/__test__/order-created-listener.test.ts", "TypeScript", 0, 0, 0, 0, 0, 34, 0, 1, 11, 46
"/Users/tianbo/Desktop/newInterview/interview/ticketing/payments/src/events/listeners/order-cancelled-listener.ts", "TypeScript", 0, 0, 0, 0, 0, 20, 0, 0, 6, 26
"/Users/tianbo/Desktop/newInterview/interview/ticketing/payments/src/events/listeners/order-created-listener.ts", "TypeScript", 0, 0, 0, 0, 0, 19, 0, 0, 5, 24
"/Users/tianbo/Desktop/newInterview/interview/ticketing/payments/src/events/listeners/queue-group-name.ts", "TypeScript", 0, 0, 0, 0, 0, 1, 0, 0, 0, 1
"/Users/tianbo/Desktop/newInterview/interview/ticketing/payments/src/events/publishers/payment-created-publisher.ts", "TypeScript", 0, 0, 0, 0, 0, 4, 0, 0, 3, 7
"/Users/tianbo/Desktop/newInterview/interview/ticketing/payments/src/index.ts", "TypeScript", 0, 0, 0, 0, 0, 46, 0, 0, 16, 62
"/Users/tianbo/Desktop/newInterview/interview/ticketing/payments/src/models/order.ts", "TypeScript", 0, 0, 0, 0, 0, 53, 0, 1, 8, 62
"/Users/tianbo/Desktop/newInterview/interview/ticketing/payments/src/models/payment.ts", "TypeScript", 0, 0, 0, 0, 0, 34, 0, 0, 8, 42
"/Users/tianbo/Desktop/newInterview/interview/ticketing/payments/src/nats-wrapper.ts", "TypeScript", 0, 0, 0, 0, 0, 23, 0, 0, 8, 31
"/Users/tianbo/Desktop/newInterview/interview/ticketing/payments/src/routes/__test__/new.test.ts", "TypeScript", 0, 0, 0, 0, 0, 85, 0, 0, 14, 99
"/Users/tianbo/Desktop/newInterview/interview/ticketing/payments/src/routes/new.ts", "TypeScript", 0, 0, 0, 0, 0, 51, 0, 0, 10, 61
"/Users/tianbo/Desktop/newInterview/interview/ticketing/payments/src/stripe.ts", "TypeScript", 0, 0, 0, 0, 0, 4, 0, 0, 1, 5
"/Users/tianbo/Desktop/newInterview/interview/ticketing/payments/src/test/setup.ts", "TypeScript", 0, 0, 0, 0, 0, 39, 0, 26, 30, 95
"/Users/tianbo/Desktop/newInterview/interview/ticketing/payments/tsconfig.json", "JSON with Comments", 0, 0, 0, 0, 0, 0, 10, 53, 8, 71
"/Users/tianbo/Desktop/newInterview/interview/ticketing/skaffold.yaml", "YAML", 0, 0, 0, 59, 0, 0, 0, 21, 2, 82
"/Users/tianbo/Desktop/newInterview/interview/ticketing/tickets/.dockerignore", "Ignore", 0, 0, 1, 0, 0, 0, 0, 0, 1, 2
"/Users/tianbo/Desktop/newInterview/interview/ticketing/tickets/Dockerfile", "Docker", 0, 0, 0, 0, 6, 0, 0, 0, 3, 9
"/Users/tianbo/Desktop/newInterview/interview/ticketing/tickets/package-lock.json", "JSON", 0, 12235, 0, 0, 0, 0, 0, 0, 1, 12236
"/Users/tianbo/Desktop/newInterview/interview/ticketing/tickets/package.json", "JSON", 0, 47, 0, 0, 0, 0, 0, 0, 1, 48
"/Users/tianbo/Desktop/newInterview/interview/ticketing/tickets/src/__mocks__/nats-wrapper.ts", "TypeScript", 0, 0, 0, 0, 0, 11, 0, 0, 0, 11
"/Users/tianbo/Desktop/newInterview/interview/ticketing/tickets/src/app.ts", "TypeScript", 0, 0, 0, 0, 0, 28, 0, 7, 10, 45
"/Users/tianbo/Desktop/newInterview/interview/ticketing/tickets/src/events/listeners/__test__/order-cancelled-listener.test.ts", "TypeScript", 0, 0, 0, 0, 0, 36, 0, 1, 10, 47
"/Users/tianbo/Desktop/newInterview/interview/ticketing/tickets/src/events/listeners/__test__/order-created-listener.test.ts", "TypeScript", 0, 0, 0, 0, 0, 50, 0, 4, 17, 71
"/Users/tianbo/Desktop/newInterview/interview/ticketing/tickets/src/events/listeners/order-cancelled-listener.ts", "TypeScript", 0, 0, 0, 0, 0, 26, 0, 0, 6, 32
"/Users/tianbo/Desktop/newInterview/interview/ticketing/tickets/src/events/listeners/order-created-listener.ts", "TypeScript", 0, 0, 0, 0, 0, 27, 0, 5, 7, 39
"/Users/tianbo/Desktop/newInterview/interview/ticketing/tickets/src/events/listeners/queue-group-name.ts", "TypeScript", 0, 0, 0, 0, 0, 1, 0, 0, 1, 2
"/Users/tianbo/Desktop/newInterview/interview/ticketing/tickets/src/events/publishers/ticket-created-publisher.ts", "TypeScript", 0, 0, 0, 0, 0, 4, 0, 0, 2, 6
"/Users/tianbo/Desktop/newInterview/interview/ticketing/tickets/src/events/publishers/ticket-updated-publisher.ts", "TypeScript", 0, 0, 0, 0, 0, 4, 0, 0, 2, 6
"/Users/tianbo/Desktop/newInterview/interview/ticketing/tickets/src/index.ts", "TypeScript", 0, 0, 0, 0, 0, 46, 0, 0, 16, 62
"/Users/tianbo/Desktop/newInterview/interview/ticketing/tickets/src/models/__test__/ticket.test.ts", "TypeScript", 0, 0, 0, 0, 0, 33, 0, 6, 14, 53
"/Users/tianbo/Desktop/newInterview/interview/ticketing/tickets/src/models/ticket.ts", "TypeScript", 0, 0, 0, 0, 0, 48, 0, 0, 7, 55
"/Users/tianbo/Desktop/newInterview/interview/ticketing/tickets/src/nats-wrapper.ts", "TypeScript", 0, 0, 0, 0, 0, 23, 0, 0, 8, 31
"/Users/tianbo/Desktop/newInterview/interview/ticketing/tickets/src/routes/__test__/index.test.ts", "TypeScript", 0, 0, 0, 0, 0, 21, 0, 0, 6, 27
"/Users/tianbo/Desktop/newInterview/interview/ticketing/tickets/src/routes/__test__/new.test.ts", "TypeScript", 0, 0, 0, 0, 0, 86, 0, 3, 17, 106
"/Users/tianbo/Desktop/newInterview/interview/ticketing/tickets/src/routes/__test__/show.test.ts", "TypeScript", 0, 0, 0, 0, 0, 27, 0, 0, 6, 33
"/Users/tianbo/Desktop/newInterview/interview/ticketing/tickets/src/routes/__test__/update.test.ts", "TypeScript", 0, 0, 0, 0, 0, 133, 0, 0, 25, 158
"/Users/tianbo/Desktop/newInterview/interview/ticketing/tickets/src/routes/index.ts", "TypeScript", 0, 0, 0, 0, 0, 10, 0, 0, 4, 14
"/Users/tianbo/Desktop/newInterview/interview/ticketing/tickets/src/routes/new.ts", "TypeScript", 0, 0, 0, 0, 0, 33, 0, 1, 5, 39
"/Users/tianbo/Desktop/newInterview/interview/ticketing/tickets/src/routes/show.ts", "TypeScript", 0, 0, 0, 0, 0, 12, 0, 0, 5, 17
"/Users/tianbo/Desktop/newInterview/interview/ticketing/tickets/src/routes/update.ts", "TypeScript", 0, 0, 0, 0, 0, 50, 0, 0, 11, 61
"/Users/tianbo/Desktop/newInterview/interview/ticketing/tickets/src/test/setup.ts", "TypeScript", 0, 0, 0, 0, 0, 38, 0, 26, 29, 93
"/Users/tianbo/Desktop/newInterview/interview/ticketing/tickets/tsconfig.json", "JSON with Comments", 0, 0, 0, 0, 0, 0, 10, 53, 8, 71
"Total", "-", 2845, 52408, 7, 823, 36, 2967, 72, 1857, 1720, 62735